<?xml version="1.0" encoding="utf-8" ?>
<Patch>
	
<!-- ====== Compatability Patch ==================== -->
	
	<Operation Class="PatchOperationFindMod">
		<mods><li>RimCuisine 1.0</li></mods>
		<match Class="PatchOperationSequence">
			<success>Always</success>
			<operations>
				<li Class="PatchOperationAddModExtension">
			    	<xpath>/Defs/ThingDef[defName="Dreamstick" or defName="Skag" or defName="Viko" or defName="Zope"]</xpath>
    				<value>
						<li Class="MSPainless.MSPainDrug">
							<ManagesPain>true</ManagesPain>
						</li>
    				</value>
				</li>
			</operations>
		</match>
	</Operation>
	
</Patch>